Jonathan Taylor,1
Josh Allen,2
Derrick Henry,3
Christian McCaffrey,4
Austin Ekeler,5
Patrick Mahomes,6
Justin Herbert,7
Dalvin Cook,8
Cooper Kupp,9
Najee Harris,10
Lamar Jackson,11
Joe Mixon,12
Justin Jefferson,13
Ja'Marr Chase,14
Nick Chubb,15
Alvin Kamara,16
Kyler Murray,17
Travis Kelce,18
D'Andre Swift,19
Davante Adams,20
Joe Burrow,21
Jalen Hurts,22
Javonte Williams,23
Aaron Jones,24
Deebo Samuel,25
Leonard Fournette,26
Stefon Diggs,27
Ezekiel Elliott,28
Mark Andrews,29
CeeDee Lamb,30
Saquon Barkley,31
Dak Prescott,32
Tyreek Hill,33
Tom Brady,34
James Conner,35
Mike Evans,36
Aaron Rodgers,37
Cam Akers,38
A.J. Brown,39
Russell Wilson,40
Keenan Allen,41
Tee Higgins,42
Matthew Stafford,43
David Montgomery,44
Kyle Pitts,45
Antonio Gibson,46
DK Metcalf,47
Michael Pittman Jr.,48
Josh Jacobs,49
Diontae Johnson,50
Jaylen Waddle,51
Terry McLaurin,52
Breece Hall,53
DJ Moore,54
Trey Lance,55
J.K. Dobbins,56
Mike Williams,57
George Kittle,58
Derek Carr,59
DeAndre Hopkins,60
Deshaun Watson,61
Courtland Sutton,62
Elijah Mitchell,63
Amari Cooper,64
Darren Waller,65
Kirk Cousins,66
Travis Etienne,67
Justin Fields,68
Jerry Jeudy,69
Chris Godwin,70
Clyde Edwards-Helaire,71
Brandin Cooks,72
Marquise Brown,73
Elijah Moore,74
Damien Harris,75
Allen Robinson II,76
Amon-Ra St. Brown,77
AJ Dillon,78
Tua Tagovailoa,79
Darnell Mooney,80
Miles Sanders,81
Michael Thomas,82
Gabriel Davis,83
Rashod Bateman,84
Kenneth Walker III,85
Cordarrelle Patterson,86
Devin Singletary,87
Trevor Lawrence,88
Kareem Hunt,89
Tony Pollard,90
JuJu Smith-Schuster,91
Ryan Tannehill,92
Rashaad Penny,93
Melvin Gordon III,94
DeVonta Smith,95
Adam Thielen,96
Robert Woods,97
Chase Edmonds,98
Tyler Lockett,99
Michael Carter,100
James Robinson,101
Dalton Schultz,102
Drake London,103
Hunter Renfrow,104
Treylon Burks,105
T.J. Hockenson,106
Rhamondre Stevenson,107
James Cook,108
Jameis Winston,109
Dallas Goedert,110
Ronald Jones II,111
Matt Ryan,112
Mac Jones,113
Isaiah Spiller,114
Brandon Aiyuk,115
Alexander Mattison,116
Allen Lazard,117
Zach Wilson,118
Dameon Pierce,119
Darrell Henderson Jr.,120
Chase Claypool,121
Garrett Wilson,122
Buffalo Bills,123
Raheem Mostert,124
Christian Kirk,125
Tampa Bay Buccaneers,126
Dawson Knox,127
Sony Michel,128
Zach Ertz,129
Daniel Jones,130
Los Angeles Rams,131
Nyheim Hines,132
San Francisco 49ers,133
Michael Gallup,134
Dallas Cowboys,135
Chris Olave,136
Justin Tucker,137
Gus Edwards,138
Indianapolis Colts,139
Carson Wentz,140
Russell Gage,141
Tyler Allgeier,142
Jamaal Williams,143
Denver Broncos,144
Kenneth Gainwell,145
Chris Carson,146
Daniel Carlson,147
Tyler Bass,148
Matt Gay,149
Evan McPherson,150
Harrison Butker,151
New England Patriots,152
Rachaad White,153
Davis Mills,154
J.D. McKissic,155
New Orleans Saints,156
Jared Goff,157
Julio Jones,158
Skyy Moore,159
Marlon Mack,160
Kadarius Toney,161
Ryan Succop,162
Baker Mayfield,163
Younghoe Koo,164
Logan Thomas,165
D'Onta Foreman,166
Pat Freiermuth,167
Khalil Herbert,168
Darrel Williams,169
Kenny Golladay,170
Marquez Valdes-Scantling,171
Greg Zuerlein,172
Los Angeles Chargers,173
Matt Prater,174
Marcus Mariota,175
Christian Watson,176
Mitchell Trubisky,177
Tyler Boyd,178
Odell Beckham Jr.,179
Myles Gaskin,180
Kenny Pickett,181
Taysom Hill,182
Dustin Hopkins,183
Jarvis Landry,184
Jakobi Meyers,185
Mike Gesicki,186
Miami Dolphins,187
DeVante Parker,188
Jason Sanders,189
Nick Folk,190
Pittsburgh Steelers,191
DJ Chark Jr.,192
Hunter Henry,193
Cole Kmet,194
Albert Okwuegbunam,195
Rondale Moore,196
James White,197
Jimmy Garoppolo,198
David Njoku,199
Brian Robinson Jr.,200
Tyrion Davis-Price,201
Jameson Williams,202
Kansas City Chiefs,203
Ryan Fitzpatrick,204
Noah Fant,205
Jahan Dotson,206
Tim Patrick,207
Rodrigo Blankenship,208
Mark Ingram II,209
Robert Tonyan,210
Green Bay Packers,211
Boston Scott,212
Chuba Hubbard,213
Van Jefferson,214
Robbie Anderson,215
Drew Lock,216
Cleveland Browns,217
Brandon McManus,218
Tennessee Titans,219
Mike Davis,220
Kenyan Drake,221
Sam Darnold,222
Mason Crosby,223
Jacksonville Jaguars,224
Zamir White,225
Arizona Cardinals,226
William Fuller V,227
Irv Smith Jr.,228
Mecole Hardman,229
George Pickens,230
Baltimore Ravens,231
Samaje Perine,232
Tristan Vizcaino,233
Corey Davis,234
Hassan Haskins,235
Jake Elliott,236
Teddy Bridgewater,237
Robbie Gould,238
Greg Joseph,239
Geno Smith,240
Trey Sermon,241
David Bell,242
Matt Corral,243
Rex Burkhead,244
Josh Lambo,245
Keaontay Ingram,246
Tyler Higbee,247
Philadelphia Eagles,248
Chris Evans,249
Las Vegas Raiders,250
Minnesota Vikings,251
Chicago Bears,252
Ka'imi Fairbairn,253
Wil Lutz,254
Curtis Samuel,255
Chris Boswell,256
Desmond Ridder,257
Antonio Brown,258
Jalen Tolbert,259
Jamison Crowder,260
Alec Pierce,261
Kendrick Bourne,262
Marvin Jones Jr.,263
Nico Collins,264
Sterling Shepard,265